"id","autor_id","comrcl_id","team_id","name","lastname","phone","email","gender","city","adress","brith_at","source","type_prospect","raison_sociale","code_post","gsm","assure","last_assure","motif_resil","motif_saise","creat_at"
"20001","1",NULL,"2","liour","fourine","0615245885","liou@barir",NULL,"Lyon","Métropole de Lyon","2023-09-07 00:00:00","Propre site","Particuliers",NULL,"69123",NULL,"Non","Non",NULL,NULL,"2023-09-04 18:50:51"
"20002","1",NULL,"2","liour","fourine","0615245885","liou@barir",NULL,"Lyon","Métropole de Lyon","2023-09-07 00:00:00","Propre site","Particuliers",NULL,"69123",NULL,"Non","Non",NULL,NULL,"2023-09-04 18:50:51"
"20003","1",NULL,"2","liour","fourine","0615245885","liou@barir",NULL,"Lyon","Métropole de Lyon","2023-09-07 00:00:00","Propre site","Particuliers",NULL,"69123",NULL,"Non","Non",NULL,NULL,"2023-09-04 18:50:51"
"20004","1",NULL,"2","liour","fourine","0615245885","liou@barir",NULL,"Lyon","Métropole de Lyon","2023-09-07 00:00:00","Propre site","Particuliers",NULL,"69123",NULL,"Non","Non",NULL,NULL,"2023-09-04 18:50:51"
"20005","1",NULL,"2","liour","fourine","0615245885","liou@barir",NULL,"Lyon","Métropole de Lyon","2023-09-07 00:00:00","Propre site","Particuliers",NULL,"69123",NULL,"Non","Non",NULL,NULL,"2023-09-04 18:50:51"
"20006","1",NULL,"2","liour","fourine","0615245885","liou@barir",NULL,"Lyon","Métropole de Lyon","2023-09-07 00:00:00","Propre site","Particuliers",NULL,"69123",NULL,"Non","Non",NULL,NULL,"2023-09-04 18:50:51"
"20007","1",NULL,"2","liour","fourine","0615245885","liou@barir",NULL,"Lyon","Métropole de Lyon","2023-09-07 00:00:00","Propre site","Particuliers",NULL,"69123",NULL,"Non","Non",NULL,NULL,"2023-09-04 18:50:51"
"20008","1",NULL,"2","liour","fourine","0615245885","liou@barir",NULL,"Lyon","Métropole de Lyon","2023-09-07 00:00:00","Propre site","Particuliers",NULL,"69123",NULL,"Non","Non",NULL,NULL,"2023-09-04 18:50:51"
"20009","1",NULL,"2","liour","fourine","0615245885","liou@barir",NULL,"Lyon","Métropole de Lyon","2023-09-07 00:00:00","Propre site","Particuliers",NULL,"69123",NULL,"Non","Non",NULL,NULL,"2023-09-04 18:50:51"
"20010","1",NULL,"2","liour","fourine","0615245885","liou@barir",NULL,"Lyon","Métropole de Lyon","2023-09-07 00:00:00","Propre site","Particuliers",NULL,"69123",NULL,"Non","Non",NULL,NULL,"2023-09-04 18:50:51"
"20011","1",NULL,"2","liour","fourine","0615245885","liou@barir",NULL,"Lyon","Métropole de Lyon","2023-09-07 00:00:00","Propre site","Particuliers",NULL,"69123",NULL,"Non","Non",NULL,NULL,"2023-09-04 18:50:51"
"20012","1",NULL,"2","liour","fourine","0615245885","liou@barir",NULL,"Lyon","Métropole de Lyon","2023-09-07 00:00:00","Propre site","Particuliers",NULL,"69123",NULL,"Non","Non",NULL,NULL,"2023-09-04 18:50:51"
"20013","1",NULL,"2","liour","fourine","0615245885","liou@barir",NULL,"Lyon","Métropole de Lyon","2023-09-07 00:00:00","Propre site","Particuliers",NULL,"69123",NULL,"Non","Non",NULL,NULL,"2023-09-04 18:50:51"
"20014","1",NULL,"2","liour","fourine","0615245885","liou@barir",NULL,"Lyon","Métropole de Lyon","2023-09-07 00:00:00","Propre site","Particuliers",NULL,"69123",NULL,"Non","Non",NULL,NULL,"2023-09-04 18:50:51"
"20015","1",NULL,"2","liour","fourine","0615245885","liou@barir",NULL,"Lyon","Métropole de Lyon","2023-09-07 00:00:00","Propre site","Particuliers",NULL,"69123",NULL,"Non","Non",NULL,NULL,"2023-09-04 18:50:51"
"20016","1",NULL,"2","liour","fourine","0615245885","liou@barir",NULL,"Lyon","Métropole de Lyon","2023-09-07 00:00:00","Propre site","Particuliers",NULL,"69123",NULL,"Non","Non",NULL,NULL,"2023-09-04 18:50:51"
"20017","1",NULL,"2","liour","fourine","0615245885","liou@barir",NULL,"Lyon","Métropole de Lyon","2023-09-07 00:00:00","Propre site","Particuliers",NULL,"69123",NULL,"Non","Non",NULL,NULL,"2023-09-04 18:50:51"
"20018","1",NULL,"2","liour","fourine","0615245885","liou@barir",NULL,"Lyon","Métropole de Lyon","2023-09-07 00:00:00","Propre site","Particuliers",NULL,"69123",NULL,"Non","Non",NULL,NULL,"2023-09-04 18:50:51"
"20019","1",NULL,"2","liour","fourine","0615245885","liou@barir",NULL,"Lyon","Métropole de Lyon","2023-09-07 00:00:00","Propre site","Particuliers",NULL,"69123",NULL,"Non","Non",NULL,NULL,"2023-09-04 18:50:51"
"20020","1",NULL,"2","liour","fourine","0615245885","liou@barir",NULL,"Lyon","Métropole de Lyon","2023-09-07 00:00:00","Propre site","Particuliers",NULL,"69123",NULL,"Non","Non",NULL,NULL,"2023-09-04 18:50:51"
"20021","1",NULL,"2","liour","fourine","0615245885","liou@barir",NULL,"Lyon","Métropole de Lyon","2023-09-07 00:00:00","Propre site","Particuliers",NULL,"69123",NULL,"Non","Non",NULL,NULL,"2023-09-04 18:50:51"
"20022","1",NULL,"2","liour","fourine","0615245885","liou@barir",NULL,"Lyon","Métropole de Lyon","2023-09-07 00:00:00","Propre site","Particuliers",NULL,"69123",NULL,"Non","Non",NULL,NULL,"2023-09-04 18:50:51"
"20023","1",NULL,"2","liour","fourine","0615245885","liou@barir",NULL,"Lyon","Métropole de Lyon","2023-09-07 00:00:00","Propre site","Particuliers",NULL,"69123",NULL,"Non","Non",NULL,NULL,"2023-09-04 18:50:51"
"20024","1",NULL,"2","liour","fourine","0615245885","liou@barir",NULL,"Lyon","Métropole de Lyon","2023-09-07 00:00:00","Propre site","Particuliers",NULL,"69123",NULL,"Non","Non",NULL,NULL,"2023-09-04 18:50:51"
"20025","1",NULL,"2","liour","fourine","0615245885","liou@barir",NULL,"Lyon","Métropole de Lyon","2023-09-07 00:00:00","Propre site","Particuliers",NULL,"69123",NULL,"Non","Non",NULL,NULL,"2023-09-04 18:50:51"
"20026","1",NULL,"2","liour","fourine","0615245885","liou@barir",NULL,"Lyon","Métropole de Lyon","2023-09-07 00:00:00","Propre site","Particuliers",NULL,"69123",NULL,"Non","Non",NULL,NULL,"2023-09-04 18:50:51"
"20027","1",NULL,"2","liour","fourine","0615245885","liou@barir",NULL,"Lyon","Métropole de Lyon","2023-09-07 00:00:00","Propre site","Particuliers",NULL,"69123",NULL,"Non","Non",NULL,NULL,"2023-09-04 18:50:51"
"20028","1",NULL,"2","liour","fourine","0615245885","liou@barir",NULL,"Lyon","Métropole de Lyon","2023-09-07 00:00:00","Propre site","Particuliers",NULL,"69123",NULL,"Non","Non",NULL,NULL,"2023-09-04 18:50:51"
"20029","1",NULL,"2","liour","fourine","0615245885","liou@barir",NULL,"Lyon","Métropole de Lyon","2023-09-07 00:00:00","Propre site","Particuliers",NULL,"69123",NULL,"Non","Non",NULL,NULL,"2023-09-04 18:50:51"
"20030","1",NULL,"2","liour","fourine","0615245885","liou@barir",NULL,"Lyon","Métropole de Lyon","2023-09-07 00:00:00","Propre site","Particuliers",NULL,"69123",NULL,"Non","Non",NULL,NULL,"2023-09-04 18:50:51"
"20031","1",NULL,"2","liour","fourine","0615245885","liou@barir",NULL,"Lyon","Métropole de Lyon","2023-09-07 00:00:00","Propre site","Particuliers",NULL,"69123",NULL,"Non","Non",NULL,NULL,"2023-09-04 18:50:51"
"20032","1",NULL,"2","liour","fourine","0615245885","liou@barir",NULL,"Lyon","Métropole de Lyon","2023-09-07 00:00:00","Propre site","Particuliers",NULL,"69123",NULL,"Non","Non",NULL,NULL,"2023-09-04 18:50:51"
"20033","1",NULL,"2","liour","fourine","0615245885","liou@barir",NULL,"Lyon","Métropole de Lyon","2023-09-07 00:00:00","Propre site","Particuliers",NULL,"69123",NULL,"Non","Non",NULL,NULL,"2023-09-04 18:50:51"
"20034","1",NULL,"2","liour","fourine","0615245885","liou@barir",NULL,"Lyon","Métropole de Lyon","2023-09-07 00:00:00","Propre site","Particuliers",NULL,"69123",NULL,"Non","Non",NULL,NULL,"2023-09-04 18:50:51"
"20035","1",NULL,"2","liour","fourine","0615245885","liou@barir",NULL,"Lyon","Métropole de Lyon","2023-09-07 00:00:00","Propre site","Particuliers",NULL,"69123",NULL,"Non","Non",NULL,NULL,"2023-09-04 18:50:51"
"20036","1",NULL,"2","liour","fourine","0615245885","liou@barir",NULL,"Lyon","Métropole de Lyon","2023-09-07 00:00:00","Propre site","Particuliers",NULL,"69123",NULL,"Non","Non",NULL,NULL,"2023-09-04 18:50:51"
"20037","1",NULL,"2","liour","fourine","0615245885","liou@barir",NULL,"Lyon","Métropole de Lyon","2023-09-07 00:00:00","Propre site","Particuliers",NULL,"69123",NULL,"Non","Non",NULL,NULL,"2023-09-04 18:50:51"
"20038","1",NULL,"2","liour","fourine","0615245885","liou@barir",NULL,"Lyon","Métropole de Lyon","2023-09-07 00:00:00","Propre site","Particuliers",NULL,"69123",NULL,"Non","Non",NULL,NULL,"2023-09-04 18:50:51"
"20039","1",NULL,"2","liour","fourine","0615245885","liou@barir",NULL,"Lyon","Métropole de Lyon","2023-09-07 00:00:00","Propre site","Particuliers",NULL,"69123",NULL,"Non","Non",NULL,NULL,"2023-09-04 18:50:51"
"20040","1",NULL,"2","liour","fourine","0615245885","liou@barir",NULL,"Lyon","Métropole de Lyon","2023-09-07 00:00:00","Propre site","Particuliers",NULL,"69123",NULL,"Non","Non",NULL,NULL,"2023-09-04 18:50:51"
"20041","1",NULL,"2","liour","fourine","0615245885","liou@barir",NULL,"Lyon","Métropole de Lyon","2023-09-07 00:00:00","Propre site","Particuliers",NULL,"69123",NULL,"Non","Non",NULL,NULL,"2023-09-04 18:50:51"
"20042","1",NULL,"2","liour","fourine","0615245885","liou@barir",NULL,"Lyon","Métropole de Lyon","2023-09-07 00:00:00","Propre site","Particuliers",NULL,"69123",NULL,"Non","Non",NULL,NULL,"2023-09-04 18:50:51"
"20043","1",NULL,"2","liour","fourine","0615245885","liou@barir",NULL,"Lyon","Métropole de Lyon","2023-09-07 00:00:00","Propre site","Particuliers",NULL,"69123",NULL,"Non","Non",NULL,NULL,"2023-09-04 18:50:51"
"20044","1",NULL,"2","liour","fourine","0615245885","liou@barir",NULL,"Lyon","Métropole de Lyon","2023-09-07 00:00:00","Propre site","Particuliers",NULL,"69123",NULL,"Non","Non",NULL,NULL,"2023-09-04 18:50:51"
"20045","1",NULL,"2","liour","fourine","0615245885","liou@barir",NULL,"Lyon","Métropole de Lyon","2023-09-07 00:00:00","Propre site","Particuliers",NULL,"69123",NULL,"Non","Non",NULL,NULL,"2023-09-04 18:50:51"
"20046","1",NULL,"2","liour","fourine","0615245885","liou@barir",NULL,"Lyon","Métropole de Lyon","2023-09-07 00:00:00","Propre site","Particuliers",NULL,"69123",NULL,"Non","Non",NULL,NULL,"2023-09-04 18:50:51"
"20047","1",NULL,"2","liour","fourine","0615245885","liou@barir",NULL,"Lyon","Métropole de Lyon","2023-09-07 00:00:00","Propre site","Particuliers",NULL,"69123",NULL,"Non","Non",NULL,NULL,"2023-09-04 18:50:51"
"20048","1",NULL,"2","liour","fourine","0615245885","liou@barir",NULL,"Lyon","Métropole de Lyon","2023-09-07 00:00:00","Propre site","Particuliers",NULL,"69123",NULL,"Non","Non",NULL,NULL,"2023-09-04 18:50:51"
"20049","1",NULL,"2","liour","fourine","0615245885","liou@barir",NULL,"Lyon","Métropole de Lyon","2023-09-07 00:00:00","Propre site","Particuliers",NULL,"69123",NULL,"Non","Non",NULL,NULL,"2023-09-04 18:50:51"
"20050","1",NULL,"2","liour","fourine","0615245885","liou@barir",NULL,"Lyon","Métropole de Lyon","2023-09-07 00:00:00","Propre site","Particuliers",NULL,"69123",NULL,"Non","Non",NULL,NULL,"2023-09-04 18:50:51"
"20051","1",NULL,"2","liour","fourine","0615245885","liou@barir",NULL,"Lyon","Métropole de Lyon","2023-09-07 00:00:00","Propre site","Particuliers",NULL,"69123",NULL,"Non","Non",NULL,NULL,"2023-09-04 18:50:51"
"20052","1",NULL,"2","liour","fourine","0615245885","liou@barir",NULL,"Lyon","Métropole de Lyon","2023-09-07 00:00:00","Propre site","Particuliers",NULL,"69123",NULL,"Non","Non",NULL,NULL,"2023-09-04 18:50:51"
"20053","1",NULL,"2","liour","fourine","0615245885","liou@barir",NULL,"Lyon","Métropole de Lyon","2023-09-07 00:00:00","Propre site","Particuliers",NULL,"69123",NULL,"Non","Non",NULL,NULL,"2023-09-04 18:50:51"
"20054","1",NULL,"2","liour","fourine","0615245885","liou@barir",NULL,"Lyon","Métropole de Lyon","2023-09-07 00:00:00","Propre site","Particuliers",NULL,"69123",NULL,"Non","Non",NULL,NULL,"2023-09-04 18:50:51"
"20055","1",NULL,"2","liour","fourine","0615245885","liou@barir",NULL,"Lyon","Métropole de Lyon","2023-09-07 00:00:00","Propre site","Particuliers",NULL,"69123",NULL,"Non","Non",NULL,NULL,"2023-09-04 18:50:51"
"20056","1",NULL,"2","liour","fourine","0615245885","liou@barir",NULL,"Lyon","Métropole de Lyon","2023-09-07 00:00:00","Propre site","Particuliers",NULL,"69123",NULL,"Non","Non",NULL,NULL,"2023-09-04 18:50:51"
"20057","1",NULL,"2","liour","fourine","0615245885","liou@barir",NULL,"Lyon","Métropole de Lyon","2023-09-07 00:00:00","Propre site","Particuliers",NULL,"69123",NULL,"Non","Non",NULL,NULL,"2023-09-04 18:50:51"
"20058","1",NULL,"2","liour","fourine","0615245885","liou@barir",NULL,"Lyon","Métropole de Lyon","2023-09-07 00:00:00","Propre site","Particuliers",NULL,"69123",NULL,"Non","Non",NULL,NULL,"2023-09-04 18:50:51"
"20059","1",NULL,"2","liour","fourine","0615245885","liou@barir",NULL,"Lyon","Métropole de Lyon","2023-09-07 00:00:00","Propre site","Particuliers",NULL,"69123",NULL,"Non","Non",NULL,NULL,"2023-09-04 18:50:51"
"20060","1",NULL,"2","liour","fourine","0615245885","liou@barir",NULL,"Lyon","Métropole de Lyon","2023-09-07 00:00:00","Propre site","Particuliers",NULL,"69123",NULL,"Non","Non",NULL,NULL,"2023-09-04 18:50:51"
"20061","1",NULL,"2","liour","fourine","0615245885","liou@barir",NULL,"Lyon","Métropole de Lyon","2023-09-07 00:00:00","Propre site","Particuliers",NULL,"69123",NULL,"Non","Non",NULL,NULL,"2023-09-04 18:50:51"
"20062","1",NULL,"2","liour","fourine","0615245885","liou@barir",NULL,"Lyon","Métropole de Lyon","2023-09-07 00:00:00","Propre site","Particuliers",NULL,"69123",NULL,"Non","Non",NULL,NULL,"2023-09-04 18:50:51"
"20063","1",NULL,"2","liour","fourine","0615245885","liou@barir",NULL,"Lyon","Métropole de Lyon","2023-09-07 00:00:00","Propre site","Particuliers",NULL,"69123",NULL,"Non","Non",NULL,NULL,"2023-09-04 18:50:51"
"20064","1",NULL,"2","liour","fourine","0615245885","liou@barir",NULL,"Lyon","Métropole de Lyon","2023-09-07 00:00:00","Propre site","Particuliers",NULL,"69123",NULL,"Non","Non",NULL,NULL,"2023-09-04 18:50:51"
"20065","1",NULL,"2","liour","fourine","0615245885","liou@barir",NULL,"Lyon","Métropole de Lyon","2023-09-07 00:00:00","Propre site","Particuliers",NULL,"69123",NULL,"Non","Non",NULL,NULL,"2023-09-04 18:50:51"
"20066","1",NULL,"2","liour","fourine","0615245885","liou@barir",NULL,"Lyon","Métropole de Lyon","2023-09-07 00:00:00","Propre site","Particuliers",NULL,"69123",NULL,"Non","Non",NULL,NULL,"2023-09-04 18:50:51"
"20067","1",NULL,"2","liour","fourine","0615245885","liou@barir",NULL,"Lyon","Métropole de Lyon","2023-09-07 00:00:00","Propre site","Particuliers",NULL,"69123",NULL,"Non","Non",NULL,NULL,"2023-09-04 18:50:51"
"20068","1",NULL,"2","liour","fourine","0615245885","liou@barir",NULL,"Lyon","Métropole de Lyon","2023-09-07 00:00:00","Propre site","Particuliers",NULL,"69123",NULL,"Non","Non",NULL,NULL,"2023-09-04 18:50:51"
"20069","1",NULL,"2","liour","fourine","0615245885","liou@barir",NULL,"Lyon","Métropole de Lyon","2023-09-07 00:00:00","Propre site","Particuliers",NULL,"69123",NULL,"Non","Non",NULL,NULL,"2023-09-04 18:50:51"
"20070","1",NULL,"2","liour","fourine","0615245885","liou@barir",NULL,"Lyon","Métropole de Lyon","2023-09-07 00:00:00","Propre site","Particuliers",NULL,"69123",NULL,"Non","Non",NULL,NULL,"2023-09-04 18:50:51"
"20071","1",NULL,"2","liour","fourine","0615245885","liou@barir",NULL,"Lyon","Métropole de Lyon","2023-09-07 00:00:00","Propre site","Particuliers",NULL,"69123",NULL,"Non","Non",NULL,NULL,"2023-09-04 18:50:51"
"20072","1",NULL,"2","liour","fourine","0615245885","liou@barir",NULL,"Lyon","Métropole de Lyon","2023-09-07 00:00:00","Propre site","Particuliers",NULL,"69123",NULL,"Non","Non",NULL,NULL,"2023-09-04 18:50:51"
"20073","1",NULL,"2","liour","fourine","0615245885","liou@barir",NULL,"Lyon","Métropole de Lyon","2023-09-07 00:00:00","Propre site","Particuliers",NULL,"69123",NULL,"Non","Non",NULL,NULL,"2023-09-04 18:50:51"
"20074","1",NULL,"2","liour","fourine","0615245885","liou@barir",NULL,"Lyon","Métropole de Lyon","2023-09-07 00:00:00","Propre site","Particuliers",NULL,"69123",NULL,"Non","Non",NULL,NULL,"2023-09-04 18:50:51"
"20075","1",NULL,"2","liour","fourine","0615245885","liou@barir",NULL,"Lyon","Métropole de Lyon","2023-09-07 00:00:00","Propre site","Particuliers",NULL,"69123",NULL,"Non","Non",NULL,NULL,"2023-09-04 18:50:51"
"20076","1",NULL,"2","liour","fourine","0615245885","liou@barir",NULL,"Lyon","Métropole de Lyon","2023-09-07 00:00:00","Propre site","Particuliers",NULL,"69123",NULL,"Non","Non",NULL,NULL,"2023-09-04 18:50:51"
"20077","1",NULL,"2","liour","fourine","0615245885","liou@barir",NULL,"Lyon","Métropole de Lyon","2023-09-07 00:00:00","Propre site","Particuliers",NULL,"69123",NULL,"Non","Non",NULL,NULL,"2023-09-04 18:50:51"
"20078","1",NULL,"2","liour","fourine","0615245885","liou@barir",NULL,"Lyon","Métropole de Lyon","2023-09-07 00:00:00","Propre site","Particuliers",NULL,"69123",NULL,"Non","Non",NULL,NULL,"2023-09-04 18:50:51"
"20079","1",NULL,"2","liour","fourine","0615245885","liou@barir",NULL,"Lyon","Métropole de Lyon","2023-09-07 00:00:00","Propre site","Particuliers",NULL,"69123",NULL,"Non","Non",NULL,NULL,"2023-09-04 18:50:51"
"20080","1",NULL,"2","liour","fourine","0615245885","liou@barir",NULL,"Lyon","Métropole de Lyon","2023-09-07 00:00:00","Propre site","Particuliers",NULL,"69123",NULL,"Non","Non",NULL,NULL,"2023-09-04 18:50:51"
"20081","1",NULL,"2","liour","fourine","0615245885","liou@barir",NULL,"Lyon","Métropole de Lyon","2023-09-07 00:00:00","Propre site","Particuliers",NULL,"69123",NULL,"Non","Non",NULL,NULL,"2023-09-04 18:50:51"
"20082","1",NULL,"2","liour","fourine","0615245885","liou@barir",NULL,"Lyon","Métropole de Lyon","2023-09-07 00:00:00","Propre site","Particuliers",NULL,"69123",NULL,"Non","Non",NULL,NULL,"2023-09-04 18:50:51"
"20083","1",NULL,"2","liour","fourine","0615245885","liou@barir",NULL,"Lyon","Métropole de Lyon","2023-09-07 00:00:00","Propre site","Particuliers",NULL,"69123",NULL,"Non","Non",NULL,NULL,"2023-09-04 18:50:51"
"20084","1",NULL,"2","liour","fourine","0615245885","liou@barir",NULL,"Lyon","Métropole de Lyon","2023-09-07 00:00:00","Propre site","Particuliers",NULL,"69123",NULL,"Non","Non",NULL,NULL,"2023-09-04 18:50:51"
"20085","1",NULL,"2","liour","fourine","0615245885","liou@barir",NULL,"Lyon","Métropole de Lyon","2023-09-07 00:00:00","Propre site","Particuliers",NULL,"69123",NULL,"Non","Non",NULL,NULL,"2023-09-04 18:50:51"
"20086","1",NULL,"2","liour","fourine","0615245885","liou@barir",NULL,"Lyon","Métropole de Lyon","2023-09-07 00:00:00","Propre site","Particuliers",NULL,"69123",NULL,"Non","Non",NULL,NULL,"2023-09-04 18:50:51"
"20087","1",NULL,"2","liour","fourine","0615245885","liou@barir",NULL,"Lyon","Métropole de Lyon","2023-09-07 00:00:00","Propre site","Particuliers",NULL,"69123",NULL,"Non","Non",NULL,NULL,"2023-09-04 18:50:51"
"20088","1",NULL,"2","liour","fourine","0615245885","liou@barir",NULL,"Lyon","Métropole de Lyon","2023-09-07 00:00:00","Propre site","Particuliers",NULL,"69123",NULL,"Non","Non",NULL,NULL,"2023-09-04 18:50:51"
"20089","1",NULL,"2","liour","fourine","0615245885","liou@barir",NULL,"Lyon","Métropole de Lyon","2023-09-07 00:00:00","Propre site","Particuliers",NULL,"69123",NULL,"Non","Non",NULL,NULL,"2023-09-04 18:50:51"
"20090","1",NULL,"2","liour","fourine","0615245885","liou@barir",NULL,"Lyon","Métropole de Lyon","2023-09-07 00:00:00","Propre site","Particuliers",NULL,"69123",NULL,"Non","Non",NULL,NULL,"2023-09-04 18:50:51"
"20091","1",NULL,"2","liour","fourine","0615245885","liou@barir",NULL,"Lyon","Métropole de Lyon","2023-09-07 00:00:00","Propre site","Particuliers",NULL,"69123",NULL,"Non","Non",NULL,NULL,"2023-09-04 18:50:51"
"20092","1",NULL,"2","liour","fourine","0615245885","liou@barir",NULL,"Lyon","Métropole de Lyon","2023-09-07 00:00:00","Propre site","Particuliers",NULL,"69123",NULL,"Non","Non",NULL,NULL,"2023-09-04 18:50:51"
"20093","1",NULL,"2","liour","fourine","0615245885","liou@barir",NULL,"Lyon","Métropole de Lyon","2023-09-07 00:00:00","Propre site","Particuliers",NULL,"69123",NULL,"Non","Non",NULL,NULL,"2023-09-04 18:50:51"
"20094","1",NULL,"2","liour","fourine","0615245885","liou@barir",NULL,"Lyon","Métropole de Lyon","2023-09-07 00:00:00","Propre site","Particuliers",NULL,"69123",NULL,"Non","Non",NULL,NULL,"2023-09-04 18:50:51"
"20095","1",NULL,"2","liour","fourine","0615245885","liou@barir",NULL,"Lyon","Métropole de Lyon","2023-09-07 00:00:00","Propre site","Particuliers",NULL,"69123",NULL,"Non","Non",NULL,NULL,"2023-09-04 18:50:51"
"20096","1",NULL,"2","liour","fourine","0615245885","liou@barir",NULL,"Lyon","Métropole de Lyon","2023-09-07 00:00:00","Propre site","Particuliers",NULL,"69123",NULL,"Non","Non",NULL,NULL,"2023-09-04 18:50:51"
"20097","1",NULL,"2","liour","fourine","0615245885","liou@barir",NULL,"Lyon","Métropole de Lyon","2023-09-07 00:00:00","Propre site","Particuliers",NULL,"69123",NULL,"Non","Non",NULL,NULL,"2023-09-04 18:50:51"
"20098","1",NULL,"2","liour","fourine","0615245885","liou@barir",NULL,"Lyon","Métropole de Lyon","2023-09-07 00:00:00","Propre site","Particuliers",NULL,"69123",NULL,"Non","Non",NULL,NULL,"2023-09-04 18:50:51"
"20099","1",NULL,"2","liour","fourine","0615245885","liou@barir",NULL,"Lyon","Métropole de Lyon","2023-09-07 00:00:00","Propre site","Particuliers",NULL,"69123",NULL,"Non","Non",NULL,NULL,"2023-09-04 18:50:51"
"20100","1",NULL,"2","liour","fourine","0615245885","liou@barir",NULL,"Lyon","Métropole de Lyon","2023-09-07 00:00:00","Propre site","Particuliers",NULL,"69123",NULL,"Non","Non",NULL,NULL,"2023-09-04 18:50:51"
"20101","1",NULL,"2","liour","fourine","0615245885","liou@barir",NULL,"Lyon","Métropole de Lyon","2023-09-07 00:00:00","Propre site","Particuliers",NULL,"69123",NULL,"Non","Non",NULL,NULL,"2023-09-04 18:50:51"
"20102","1",NULL,"2","liour","fourine","0615245885","liou@barir",NULL,"Lyon","Métropole de Lyon","2023-09-07 00:00:00","Propre site","Particuliers",NULL,"69123",NULL,"Non","Non",NULL,NULL,"2023-09-04 18:50:51"
"20103","1",NULL,"2","liour","fourine","0615245885","liou@barir",NULL,"Lyon","Métropole de Lyon","2023-09-07 00:00:00","Propre site","Particuliers",NULL,"69123",NULL,"Non","Non",NULL,NULL,"2023-09-04 18:50:51"
"20104","1",NULL,"2","liour","fourine","0615245885","liou@barir",NULL,"Lyon","Métropole de Lyon","2023-09-07 00:00:00","Propre site","Particuliers",NULL,"69123",NULL,"Non","Non",NULL,NULL,"2023-09-04 18:50:51"
"20105","1",NULL,"2","liour","fourine","0615245885","liou@barir",NULL,"Lyon","Métropole de Lyon","2023-09-07 00:00:00","Propre site","Particuliers",NULL,"69123",NULL,"Non","Non",NULL,NULL,"2023-09-04 18:50:51"
"20106","1",NULL,"2","liour","fourine","0615245885","liou@barir",NULL,"Lyon","Métropole de Lyon","2023-09-07 00:00:00","Propre site","Particuliers",NULL,"69123",NULL,"Non","Non",NULL,NULL,"2023-09-04 18:50:51"
"20107","1",NULL,"2","liour","fourine","0615245885","liou@barir",NULL,"Lyon","Métropole de Lyon","2023-09-07 00:00:00","Propre site","Particuliers",NULL,"69123",NULL,"Non","Non",NULL,NULL,"2023-09-04 18:50:51"
"20108","1",NULL,"2","liour","fourine","0615245885","liou@barir",NULL,"Lyon","Métropole de Lyon","2023-09-07 00:00:00","Propre site","Particuliers",NULL,"69123",NULL,"Non","Non",NULL,NULL,"2023-09-04 18:50:51"
"20109","1",NULL,"2","liour","fourine","0615245885","liou@barir",NULL,"Lyon","Métropole de Lyon","2023-09-07 00:00:00","Propre site","Particuliers",NULL,"69123",NULL,"Non","Non",NULL,NULL,"2023-09-04 18:50:51"
"20110","1",NULL,"2","liour","fourine","0615245885","liou@barir",NULL,"Lyon","Métropole de Lyon","2023-09-07 00:00:00","Propre site","Particuliers",NULL,"69123",NULL,"Non","Non",NULL,NULL,"2023-09-04 18:50:51"
"20111","1",NULL,"2","liour","fourine","0615245885","liou@barir",NULL,"Lyon","Métropole de Lyon","2023-09-07 00:00:00","Propre site","Particuliers",NULL,"69123",NULL,"Non","Non",NULL,NULL,"2023-09-04 18:50:51"
"20112","1",NULL,"2","liour","fourine","0615245885","liou@barir",NULL,"Lyon","Métropole de Lyon","2023-09-07 00:00:00","Propre site","Particuliers",NULL,"69123",NULL,"Non","Non",NULL,NULL,"2023-09-04 18:50:51"
"20113","1",NULL,"2","liour","fourine","0615245885","liou@barir",NULL,"Lyon","Métropole de Lyon","2023-09-07 00:00:00","Propre site","Particuliers",NULL,"69123",NULL,"Non","Non",NULL,NULL,"2023-09-04 18:50:51"
"20114","1",NULL,"2","liour","fourine","0615245885","liou@barir",NULL,"Lyon","Métropole de Lyon","2023-09-07 00:00:00","Propre site","Particuliers",NULL,"69123",NULL,"Non","Non",NULL,NULL,"2023-09-04 18:50:51"
"20115","1",NULL,"2","liour","fourine","0615245885","liou@barir",NULL,"Lyon","Métropole de Lyon","2023-09-07 00:00:00","Propre site","Particuliers",NULL,"69123",NULL,"Non","Non",NULL,NULL,"2023-09-04 18:50:51"
"20116","1",NULL,"2","liour","fourine","0615245885","liou@barir",NULL,"Lyon","Métropole de Lyon","2023-09-07 00:00:00","Propre site","Particuliers",NULL,"69123",NULL,"Non","Non",NULL,NULL,"2023-09-04 18:50:51"
"20117","1",NULL,"2","liour","fourine","0615245885","liou@barir",NULL,"Lyon","Métropole de Lyon","2023-09-07 00:00:00","Propre site","Particuliers",NULL,"69123",NULL,"Non","Non",NULL,NULL,"2023-09-04 18:50:51"
"20118","1",NULL,"2","liour","fourine","0615245885","liou@barir",NULL,"Lyon","Métropole de Lyon","2023-09-07 00:00:00","Propre site","Particuliers",NULL,"69123",NULL,"Non","Non",NULL,NULL,"2023-09-04 18:50:51"
"20119","1",NULL,"2","liour","fourine","0615245885","liou@barir",NULL,"Lyon","Métropole de Lyon","2023-09-07 00:00:00","Propre site","Particuliers",NULL,"69123",NULL,"Non","Non",NULL,NULL,"2023-09-04 18:50:51"
"20120","1",NULL,"2","liour","fourine","0615245885","liou@barir",NULL,"Lyon","Métropole de Lyon","2023-09-07 00:00:00","Propre site","Particuliers",NULL,"69123",NULL,"Non","Non",NULL,NULL,"2023-09-04 18:50:51"
"20121","1",NULL,"2","liour","fourine","0615245885","liou@barir",NULL,"Lyon","Métropole de Lyon","2023-09-07 00:00:00","Propre site","Particuliers",NULL,"69123",NULL,"Non","Non",NULL,NULL,"2023-09-04 18:50:51"
"20122","1",NULL,"2","liour","fourine","0615245885","liou@barir",NULL,"Lyon","Métropole de Lyon","2023-09-07 00:00:00","Propre site","Particuliers",NULL,"69123",NULL,"Non","Non",NULL,NULL,"2023-09-04 18:50:51"
"20123","1",NULL,"2","liour","fourine","0615245885","liou@barir",NULL,"Lyon","Métropole de Lyon","2023-09-07 00:00:00","Propre site","Particuliers",NULL,"69123",NULL,"Non","Non",NULL,NULL,"2023-09-04 18:50:51"
"20124","1",NULL,"2","liour","fourine","0615245885","liou@barir",NULL,"Lyon","Métropole de Lyon","2023-09-07 00:00:00","Propre site","Particuliers",NULL,"69123",NULL,"Non","Non",NULL,NULL,"2023-09-04 18:50:51"
"20125","1",NULL,"2","liour","fourine","0615245885","liou@barir",NULL,"Lyon","Métropole de Lyon","2023-09-07 00:00:00","Propre site","Particuliers",NULL,"69123",NULL,"Non","Non",NULL,NULL,"2023-09-04 18:50:51"
"20126","1",NULL,"2","liour","fourine","0615245885","liou@barir",NULL,"Lyon","Métropole de Lyon","2023-09-07 00:00:00","Propre site","Particuliers",NULL,"69123",NULL,"Non","Non",NULL,NULL,"2023-09-04 18:50:51"
"20127","1",NULL,"2","liour","fourine","0615245885","liou@barir",NULL,"Lyon","Métropole de Lyon","2023-09-07 00:00:00","Propre site","Particuliers",NULL,"69123",NULL,"Non","Non",NULL,NULL,"2023-09-04 18:50:51"
"20128","1",NULL,"2","liour","fourine","0615245885","liou@barir",NULL,"Lyon","Métropole de Lyon","2023-09-07 00:00:00","Propre site","Particuliers",NULL,"69123",NULL,"Non","Non",NULL,NULL,"2023-09-04 18:50:51"
"20129","1",NULL,"2","liour","fourine","0615245885","liou@barir",NULL,"Lyon","Métropole de Lyon","2023-09-07 00:00:00","Propre site","Particuliers",NULL,"69123",NULL,"Non","Non",NULL,NULL,"2023-09-04 18:50:51"
"20130","1",NULL,"2","liour","fourine","0615245885","liou@barir",NULL,"Lyon","Métropole de Lyon","2023-09-07 00:00:00","Propre site","Particuliers",NULL,"69123",NULL,"Non","Non",NULL,NULL,"2023-09-04 18:50:51"
"20131","1",NULL,"2","liour","fourine","0615245885","liou@barir",NULL,"Lyon","Métropole de Lyon","2023-09-07 00:00:00","Propre site","Particuliers",NULL,"69123",NULL,"Non","Non",NULL,NULL,"2023-09-04 18:50:51"
"20132","1",NULL,"2","liour","fourine","0615245885","liou@barir",NULL,"Lyon","Métropole de Lyon","2023-09-07 00:00:00","Propre site","Particuliers",NULL,"69123",NULL,"Non","Non",NULL,NULL,"2023-09-04 18:50:51"
"20133","1",NULL,"2","liour","fourine","0615245885","liou@barir",NULL,"Lyon","Métropole de Lyon","2023-09-07 00:00:00","Propre site","Particuliers",NULL,"69123",NULL,"Non","Non",NULL,NULL,"2023-09-04 18:50:51"
"20134","1",NULL,"2","liour","fourine","0615245885","liou@barir",NULL,"Lyon","Métropole de Lyon","2023-09-07 00:00:00","Propre site","Particuliers",NULL,"69123",NULL,"Non","Non",NULL,NULL,"2023-09-04 18:50:51"
"20135","1",NULL,"2","liour","fourine","0615245885","liou@barir",NULL,"Lyon","Métropole de Lyon","2023-09-07 00:00:00","Propre site","Particuliers",NULL,"69123",NULL,"Non","Non",NULL,NULL,"2023-09-04 18:50:51"
"20136","1",NULL,"2","liour","fourine","0615245885","liou@barir",NULL,"Lyon","Métropole de Lyon","2023-09-07 00:00:00","Propre site","Particuliers",NULL,"69123",NULL,"Non","Non",NULL,NULL,"2023-09-04 18:50:51"
"20137","1",NULL,"2","liour","fourine","0615245885","liou@barir",NULL,"Lyon","Métropole de Lyon","2023-09-07 00:00:00","Propre site","Particuliers",NULL,"69123",NULL,"Non","Non",NULL,NULL,"2023-09-04 18:50:51"
"20138","1",NULL,"2","liour","fourine","0615245885","liou@barir",NULL,"Lyon","Métropole de Lyon","2023-09-07 00:00:00","Propre site","Particuliers",NULL,"69123",NULL,"Non","Non",NULL,NULL,"2023-09-04 18:50:51"
"20139","1",NULL,"2","liour","fourine","0615245885","liou@barir",NULL,"Lyon","Métropole de Lyon","2023-09-07 00:00:00","Propre site","Particuliers",NULL,"69123",NULL,"Non","Non",NULL,NULL,"2023-09-04 18:50:51"
"20140","1",NULL,"2","liour","fourine","0615245885","liou@barir",NULL,"Lyon","Métropole de Lyon","2023-09-07 00:00:00","Propre site","Particuliers",NULL,"69123",NULL,"Non","Non",NULL,NULL,"2023-09-04 18:50:51"
"20141","1",NULL,"2","liour","fourine","0615245885","liou@barir",NULL,"Lyon","Métropole de Lyon","2023-09-07 00:00:00","Propre site","Particuliers",NULL,"69123",NULL,"Non","Non",NULL,NULL,"2023-09-04 18:50:51"
"20142","1",NULL,"2","liour","fourine","0615245885","liou@barir",NULL,"Lyon","Métropole de Lyon","2023-09-07 00:00:00","Propre site","Particuliers",NULL,"69123",NULL,"Non","Non",NULL,NULL,"2023-09-04 18:50:51"
"20143","1",NULL,"2","liour","fourine","0615245885","liou@barir",NULL,"Lyon","Métropole de Lyon","2023-09-07 00:00:00","Propre site","Particuliers",NULL,"69123",NULL,"Non","Non",NULL,NULL,"2023-09-04 18:50:51"
"20144","1",NULL,"2","liour","fourine","0615245885","liou@barir",NULL,"Lyon","Métropole de Lyon","2023-09-07 00:00:00","Propre site","Particuliers",NULL,"69123",NULL,"Non","Non",NULL,NULL,"2023-09-04 18:50:51"
"20145","1",NULL,"2","liour","fourine","0615245885","liou@barir",NULL,"Lyon","Métropole de Lyon","2023-09-07 00:00:00","Propre site","Particuliers",NULL,"69123",NULL,"Non","Non",NULL,NULL,"2023-09-04 18:50:51"
"20146","1",NULL,"2","liour","fourine","0615245885","liou@barir",NULL,"Lyon","Métropole de Lyon","2023-09-07 00:00:00","Propre site","Particuliers",NULL,"69123",NULL,"Non","Non",NULL,NULL,"2023-09-04 18:50:51"
"20147","1",NULL,"2","liour","fourine","0615245885","liou@barir",NULL,"Lyon","Métropole de Lyon","2023-09-07 00:00:00","Propre site","Particuliers",NULL,"69123",NULL,"Non","Non",NULL,NULL,"2023-09-04 18:50:51"
"20148","1",NULL,"2","liour","fourine","0615245885","liou@barir",NULL,"Lyon","Métropole de Lyon","2023-09-07 00:00:00","Propre site","Particuliers",NULL,"69123",NULL,"Non","Non",NULL,NULL,"2023-09-04 18:50:51"
"20149","1",NULL,"2","liour","fourine","0615245885","liou@barir",NULL,"Lyon","Métropole de Lyon","2023-09-07 00:00:00","Propre site","Particuliers",NULL,"69123",NULL,"Non","Non",NULL,NULL,"2023-09-04 18:50:51"
"20150","1",NULL,"2","liour","fourine","0615245885","liou@barir",NULL,"Lyon","Métropole de Lyon","2023-09-07 00:00:00","Propre site","Particuliers",NULL,"69123",NULL,"Non","Non",NULL,NULL,"2023-09-04 18:50:51"
"20151","1",NULL,"2","liour","fourine","0615245885","liou@barir",NULL,"Lyon","Métropole de Lyon","2023-09-07 00:00:00","Propre site","Particuliers",NULL,"69123",NULL,"Non","Non",NULL,NULL,"2023-09-04 18:50:51"
"20152","1",NULL,"2","liour","fourine","0615245885","liou@barir",NULL,"Lyon","Métropole de Lyon","2023-09-07 00:00:00","Propre site","Particuliers",NULL,"69123",NULL,"Non","Non",NULL,NULL,"2023-09-04 18:50:51"
"20153","1",NULL,"2","liour","fourine","0615245885","liou@barir",NULL,"Lyon","Métropole de Lyon","2023-09-07 00:00:00","Propre site","Particuliers",NULL,"69123",NULL,"Non","Non",NULL,NULL,"2023-09-04 18:50:51"
"20154","1",NULL,"2","liour","fourine","0615245885","liou@barir",NULL,"Lyon","Métropole de Lyon","2023-09-07 00:00:00","Propre site","Particuliers",NULL,"69123",NULL,"Non","Non",NULL,NULL,"2023-09-04 18:50:51"
"20155","1",NULL,"2","liour","fourine","0615245885","liou@barir",NULL,"Lyon","Métropole de Lyon","2023-09-07 00:00:00","Propre site","Particuliers",NULL,"69123",NULL,"Non","Non",NULL,NULL,"2023-09-04 18:50:51"
"20156","1",NULL,"2","liour","fourine","0615245885","liou@barir",NULL,"Lyon","Métropole de Lyon","2023-09-07 00:00:00","Propre site","Particuliers",NULL,"69123",NULL,"Non","Non",NULL,NULL,"2023-09-04 18:50:51"
"20157","1",NULL,"2","liour","fourine","0615245885","liou@barir",NULL,"Lyon","Métropole de Lyon","2023-09-07 00:00:00","Propre site","Particuliers",NULL,"69123",NULL,"Non","Non",NULL,NULL,"2023-09-04 18:50:51"
"20158","1",NULL,"2","liour","fourine","0615245885","liou@barir",NULL,"Lyon","Métropole de Lyon","2023-09-07 00:00:00","Propre site","Particuliers",NULL,"69123",NULL,"Non","Non",NULL,NULL,"2023-09-04 18:50:51"
"20159","1",NULL,"2","liour","fourine","0615245885","liou@barir",NULL,"Lyon","Métropole de Lyon","2023-09-07 00:00:00","Propre site","Particuliers",NULL,"69123",NULL,"Non","Non",NULL,NULL,"2023-09-04 18:50:51"
"20160","1",NULL,"2","liour","fourine","0615245885","liou@barir",NULL,"Lyon","Métropole de Lyon","2023-09-07 00:00:00","Propre site","Particuliers",NULL,"69123",NULL,"Non","Non",NULL,NULL,"2023-09-04 18:50:51"
"20161","1",NULL,"2","liour","fourine","0615245885","liou@barir",NULL,"Lyon","Métropole de Lyon","2023-09-07 00:00:00","Propre site","Particuliers",NULL,"69123",NULL,"Non","Non",NULL,NULL,"2023-09-04 18:50:51"
"20162","1",NULL,"2","liour","fourine","0615245885","liou@barir",NULL,"Lyon","Métropole de Lyon","2023-09-07 00:00:00","Propre site","Particuliers",NULL,"69123",NULL,"Non","Non",NULL,NULL,"2023-09-04 18:50:51"
"20163","1",NULL,"2","liour","fourine","0615245885","liou@barir",NULL,"Lyon","Métropole de Lyon","2023-09-07 00:00:00","Propre site","Particuliers",NULL,"69123",NULL,"Non","Non",NULL,NULL,"2023-09-04 18:50:51"
"20164","1",NULL,"2","liour","fourine","0615245885","liou@barir",NULL,"Lyon","Métropole de Lyon","2023-09-07 00:00:00","Propre site","Particuliers",NULL,"69123",NULL,"Non","Non",NULL,NULL,"2023-09-04 18:50:51"
"20165","1",NULL,"2","liour","fourine","0615245885","liou@barir",NULL,"Lyon","Métropole de Lyon","2023-09-07 00:00:00","Propre site","Particuliers",NULL,"69123",NULL,"Non","Non",NULL,NULL,"2023-09-04 18:50:51"
"20166","1",NULL,"2","liour","fourine","0615245885","liou@barir",NULL,"Lyon","Métropole de Lyon","2023-09-07 00:00:00","Propre site","Particuliers",NULL,"69123",NULL,"Non","Non",NULL,NULL,"2023-09-04 18:50:51"
"20167","1",NULL,"2","liour","fourine","0615245885","liou@barir",NULL,"Lyon","Métropole de Lyon","2023-09-07 00:00:00","Propre site","Particuliers",NULL,"69123",NULL,"Non","Non",NULL,NULL,"2023-09-04 18:50:51"
"20168","1",NULL,"2","liour","fourine","0615245885","liou@barir",NULL,"Lyon","Métropole de Lyon","2023-09-07 00:00:00","Propre site","Particuliers",NULL,"69123",NULL,"Non","Non",NULL,NULL,"2023-09-04 18:50:51"
"20169","1",NULL,"2","liour","fourine","0615245885","liou@barir",NULL,"Lyon","Métropole de Lyon","2023-09-07 00:00:00","Propre site","Particuliers",NULL,"69123",NULL,"Non","Non",NULL,NULL,"2023-09-04 18:50:51"
"20170","1",NULL,"2","liour","fourine","0615245885","liou@barir",NULL,"Lyon","Métropole de Lyon","2023-09-07 00:00:00","Propre site","Particuliers",NULL,"69123",NULL,"Non","Non",NULL,NULL,"2023-09-04 18:50:51"
"20171","1",NULL,"2","liour","fourine","0615245885","liou@barir",NULL,"Lyon","Métropole de Lyon","2023-09-07 00:00:00","Propre site","Particuliers",NULL,"69123",NULL,"Non","Non",NULL,NULL,"2023-09-04 18:50:51"
"20172","1",NULL,"2","liour","fourine","0615245885","liou@barir",NULL,"Lyon","Métropole de Lyon","2023-09-07 00:00:00","Propre site","Particuliers",NULL,"69123",NULL,"Non","Non",NULL,NULL,"2023-09-04 18:50:51"
"20173","1",NULL,"2","liour","fourine","0615245885","liou@barir",NULL,"Lyon","Métropole de Lyon","2023-09-07 00:00:00","Propre site","Particuliers",NULL,"69123",NULL,"Non","Non",NULL,NULL,"2023-09-04 18:50:51"
"20174","1",NULL,"2","liour","fourine","0615245885","liou@barir",NULL,"Lyon","Métropole de Lyon","2023-09-07 00:00:00","Propre site","Particuliers",NULL,"69123",NULL,"Non","Non",NULL,NULL,"2023-09-04 18:50:51"
"20175","1",NULL,"2","liour","fourine","0615245885","liou@barir",NULL,"Lyon","Métropole de Lyon","2023-09-07 00:00:00","Propre site","Particuliers",NULL,"69123",NULL,"Non","Non",NULL,NULL,"2023-09-04 18:50:51"
"20176","1",NULL,"2","liour","fourine","0615245885","liou@barir",NULL,"Lyon","Métropole de Lyon","2023-09-07 00:00:00","Propre site","Particuliers",NULL,"69123",NULL,"Non","Non",NULL,NULL,"2023-09-04 18:50:51"
"20177","1",NULL,"2","liour","fourine","0615245885","liou@barir",NULL,"Lyon","Métropole de Lyon","2023-09-07 00:00:00","Propre site","Particuliers",NULL,"69123",NULL,"Non","Non",NULL,NULL,"2023-09-04 18:50:51"
"20178","1",NULL,"2","liour","fourine","0615245885","liou@barir",NULL,"Lyon","Métropole de Lyon","2023-09-07 00:00:00","Propre site","Particuliers",NULL,"69123",NULL,"Non","Non",NULL,NULL,"2023-09-04 18:50:51"
"20179","1",NULL,"2","liour","fourine","0615245885","liou@barir",NULL,"Lyon","Métropole de Lyon","2023-09-07 00:00:00","Propre site","Particuliers",NULL,"69123",NULL,"Non","Non",NULL,NULL,"2023-09-04 18:50:51"
"20180","1",NULL,"2","liour","fourine","0615245885","liou@barir",NULL,"Lyon","Métropole de Lyon","2023-09-07 00:00:00","Propre site","Particuliers",NULL,"69123",NULL,"Non","Non",NULL,NULL,"2023-09-04 18:50:51"
"20181","1",NULL,"2","liour","fourine","0615245885","liou@barir",NULL,"Lyon","Métropole de Lyon","2023-09-07 00:00:00","Propre site","Particuliers",NULL,"69123",NULL,"Non","Non",NULL,NULL,"2023-09-04 18:50:51"
"20182","1",NULL,"2","liour","fourine","0615245885","liou@barir",NULL,"Lyon","Métropole de Lyon","2023-09-07 00:00:00","Propre site","Particuliers",NULL,"69123",NULL,"Non","Non",NULL,NULL,"2023-09-04 18:50:51"
"20183","1",NULL,"2","liour","fourine","0615245885","liou@barir",NULL,"Lyon","Métropole de Lyon","2023-09-07 00:00:00","Propre site","Particuliers",NULL,"69123",NULL,"Non","Non",NULL,NULL,"2023-09-04 18:50:51"
"20184","1",NULL,"2","liour","fourine","0615245885","liou@barir",NULL,"Lyon","Métropole de Lyon","2023-09-07 00:00:00","Propre site","Particuliers",NULL,"69123",NULL,"Non","Non",NULL,NULL,"2023-09-04 18:50:51"
"20185","1",NULL,"2","liour","fourine","0615245885","liou@barir",NULL,"Lyon","Métropole de Lyon","2023-09-07 00:00:00","Propre site","Particuliers",NULL,"69123",NULL,"Non","Non",NULL,NULL,"2023-09-04 18:50:51"
"20186","1",NULL,"2","liour","fourine","0615245885","liou@barir",NULL,"Lyon","Métropole de Lyon","2023-09-07 00:00:00","Propre site","Particuliers",NULL,"69123",NULL,"Non","Non",NULL,NULL,"2023-09-04 18:50:51"
"20187","1",NULL,"2","liour","fourine","0615245885","liou@barir",NULL,"Lyon","Métropole de Lyon","2023-09-07 00:00:00","Propre site","Particuliers",NULL,"69123",NULL,"Non","Non",NULL,NULL,"2023-09-04 18:50:51"
"20188","1",NULL,"2","liour","fourine","0615245885","liou@barir",NULL,"Lyon","Métropole de Lyon","2023-09-07 00:00:00","Propre site","Particuliers",NULL,"69123",NULL,"Non","Non",NULL,NULL,"2023-09-04 18:50:51"
"20189","1",NULL,"2","liour","fourine","0615245885","liou@barir",NULL,"Lyon","Métropole de Lyon","2023-09-07 00:00:00","Propre site","Particuliers",NULL,"69123",NULL,"Non","Non",NULL,NULL,"2023-09-04 18:50:51"
"20190","1",NULL,"2","liour","fourine","0615245885","liou@barir",NULL,"Lyon","Métropole de Lyon","2023-09-07 00:00:00","Propre site","Particuliers",NULL,"69123",NULL,"Non","Non",NULL,NULL,"2023-09-04 18:50:51"
"20191","1",NULL,"2","liour","fourine","0615245885","liou@barir",NULL,"Lyon","Métropole de Lyon","2023-09-07 00:00:00","Propre site","Particuliers",NULL,"69123",NULL,"Non","Non",NULL,NULL,"2023-09-04 18:50:51"
